session_id,duration_ms,location,metric_name,rollup_operation,range_name,metric_value
1,3842,sm,cycles_active,sum,0,6.88222e+09
1,3842,sm,cycles_active,sum,1,6.88324e+09
1,3842,sm,cycles_active,sum,2,6.88379e+09
1,3842,sys,cycles_active,sum,0,2.57083e+08
1,3842,sys,cycles_active,sum,1,2.64641e+08
1,3842,sys,cycles_active,sum,2,2.62389e+08
1,3842,sm,warps_active,sum,0,1.09604e+11
1,3842,sm,warps_active,sum,1,1.09612e+11
1,3842,sm,warps_active,sum,2,1.09625e+11
1,3842,smsp,inst_executed_op_generic_atom_dot_alu,sum,0,0
1,3842,smsp,inst_executed_op_generic_atom_dot_alu,sum,1,0
1,3842,smsp,inst_executed_op_generic_atom_dot_alu,sum,2,0
1,3842,sm,cycles_elapsed,sum,0,6.88958e+09
1,3842,sm,cycles_elapsed,sum,1,6.89016e+09
1,3842,sm,cycles_elapsed,sum,2,6.89121e+09
1,3842,sys,cycles_elapsed,sum,0,2.57083e+08
1,3842,sys,cycles_elapsed,sum,1,2.64641e+08
1,3842,sys,cycles_elapsed,sum,2,2.62389e+08
1,3842,dram,sectors_read,sum,0,1.44719e+08
1,3842,dram,sectors_read,sum,1,1.45397e+08
1,3842,dram,sectors_read,sum,2,1.46791e+08
1,3842,dram,sectors_write,sum,0,8.85299e+06
1,3842,dram,sectors_write,sum,1,8.85066e+06
1,3842,dram,sectors_write,sum,2,8.8679e+06
1,3842,smsp,inst_executed_op_generic_atom_dot_cas,sum,0,0
1,3842,smsp,inst_executed_op_generic_atom_dot_cas,sum,1,0
1,3842,smsp,inst_executed_op_generic_atom_dot_cas,sum,2,0
1,3842,smsp,inst_executed_op_global_red,sum,0,0
1,3842,smsp,inst_executed_op_global_red,sum,1,0
1,3842,smsp,inst_executed_op_global_red,sum,2,0
1,3842,sm,inst_executed,sum,0,2.05979e+10
1,3842,sm,inst_executed,sum,1,2.05979e+10
1,3842,sm,inst_executed,sum,2,2.05979e+10
1,3842,smsp,inst_executed_pipe_fma,sum,0,1.71823e+10
1,3842,smsp,inst_executed_pipe_fma,sum,1,1.71823e+10
1,3842,smsp,inst_executed_pipe_fma,sum,2,1.71823e+10
1,3842,smsp,inst_executed_pipe_fp64,sum,0,0
1,3842,smsp,inst_executed_pipe_fp64,sum,1,0
1,3842,smsp,inst_executed_pipe_fp64,sum,2,0
1,3842,sm,inst_issued,sum,0,2.05979e+10
1,3842,sm,inst_issued,sum,1,2.05979e+10
1,3842,sm,inst_issued,sum,2,2.05979e+10
1,3842,lts,t_sectors_op_read_lookup_miss,sum,0,1.44716e+08
1,3842,lts,t_sectors_op_read_lookup_miss,sum,1,1.45395e+08
1,3842,lts,t_sectors_op_read_lookup_miss,sum,2,1.46789e+08
1,3842,smsp,warps_launched,sum,0,32768
1,3842,smsp,warps_launched,sum,1,32768
1,3842,smsp,warps_launched,sum,2,32768
1,3842,smsp,thread_inst_executed,sum,0,6.59132e+11
1,3842,smsp,thread_inst_executed,sum,1,6.59132e+11
1,3842,smsp,thread_inst_executed,sum,2,6.59132e+11
1,3842,smsp,inst_executed_op_local_st,sum,0,0
1,3842,smsp,inst_executed_op_local_st,sum,1,0
1,3842,smsp,inst_executed_op_local_st,sum,2,0
1,3842,smsp,inst_executed_op_local_ld,sum,0,0
1,3842,smsp,inst_executed_op_local_ld,sum,1,0
1,3842,smsp,inst_executed_op_local_ld,sum,2,0
1,3842,smsp,inst_executed_op_global_st,sum,0,2.12992e+06
1,3842,smsp,inst_executed_op_global_st,sum,1,2.12992e+06
1,3842,smsp,inst_executed_op_global_st,sum,2,2.12992e+06
1,3842,smsp,inst_executed_op_global_ld,sum,0,5.37723e+08
1,3842,smsp,inst_executed_op_global_ld,sum,1,5.37723e+08
1,3842,smsp,inst_executed_op_global_ld,sum,2,5.37723e+08
2,3958,sm,cycles_active,sum,0,6.88392e+09
2,3958,sm,cycles_active,sum,1,6.88311e+09
2,3958,sm,cycles_active,sum,2,6.88391e+09
2,3958,sys,cycles_active,sum,0,2.64448e+08
2,3958,sys,cycles_active,sum,1,2.66058e+08
2,3958,sys,cycles_active,sum,2,2.67893e+08
2,3958,sm,warps_active,sum,0,1.09623e+11
2,3958,sm,warps_active,sum,1,1.09612e+11
2,3958,sm,warps_active,sum,2,1.0963e+11
2,3958,smsp,inst_executed_op_generic_atom_dot_alu,sum,0,0
2,3958,smsp,inst_executed_op_generic_atom_dot_alu,sum,1,0
2,3958,smsp,inst_executed_op_generic_atom_dot_alu,sum,2,0
2,3958,sm,cycles_elapsed,sum,0,6.89077e+09
2,3958,sm,cycles_elapsed,sum,1,6.88626e+09
2,3958,sm,cycles_elapsed,sum,2,6.89194e+09
2,3958,sys,cycles_elapsed,sum,0,2.64448e+08
2,3958,sys,cycles_elapsed,sum,1,2.66058e+08
2,3958,sys,cycles_elapsed,sum,2,2.67893e+08
2,3958,dram,sectors_read,sum,0,1.47613e+08
2,3958,dram,sectors_read,sum,1,1.48491e+08
2,3958,dram,sectors_read,sum,2,1.53387e+08
2,3958,dram,sectors_write,sum,0,8.86497e+06
2,3958,dram,sectors_write,sum,1,8.85462e+06
2,3958,dram,sectors_write,sum,2,8.86944e+06
2,3958,smsp,inst_executed_op_generic_atom_dot_cas,sum,0,0
2,3958,smsp,inst_executed_op_generic_atom_dot_cas,sum,1,0
2,3958,smsp,inst_executed_op_generic_atom_dot_cas,sum,2,0
2,3958,smsp,inst_executed_op_global_red,sum,0,0
2,3958,smsp,inst_executed_op_global_red,sum,1,0
2,3958,smsp,inst_executed_op_global_red,sum,2,0
2,3958,sm,inst_executed,sum,0,2.05979e+10
2,3958,sm,inst_executed,sum,1,2.05979e+10
2,3958,sm,inst_executed,sum,2,2.05979e+10
2,3958,smsp,inst_executed_pipe_fma,sum,0,1.71823e+10
2,3958,smsp,inst_executed_pipe_fma,sum,1,1.71823e+10
2,3958,smsp,inst_executed_pipe_fma,sum,2,1.71823e+10
2,3958,smsp,inst_executed_pipe_fp64,sum,0,0
2,3958,smsp,inst_executed_pipe_fp64,sum,1,0
2,3958,smsp,inst_executed_pipe_fp64,sum,2,0
2,3958,sm,inst_issued,sum,0,2.05979e+10
2,3958,sm,inst_issued,sum,1,2.05979e+10
2,3958,sm,inst_issued,sum,2,2.05979e+10
2,3958,lts,t_sectors_op_read_lookup_miss,sum,0,1.47611e+08
2,3958,lts,t_sectors_op_read_lookup_miss,sum,1,1.48489e+08
2,3958,lts,t_sectors_op_read_lookup_miss,sum,2,1.53385e+08
2,3958,smsp,warps_launched,sum,0,32768
2,3958,smsp,warps_launched,sum,1,32768
2,3958,smsp,warps_launched,sum,2,32768
2,3958,smsp,thread_inst_executed,sum,0,6.59132e+11
2,3958,smsp,thread_inst_executed,sum,1,6.59132e+11
2,3958,smsp,thread_inst_executed,sum,2,6.59132e+11
2,3958,smsp,inst_executed_op_local_st,sum,0,0
2,3958,smsp,inst_executed_op_local_st,sum,1,0
2,3958,smsp,inst_executed_op_local_st,sum,2,0
2,3958,smsp,inst_executed_op_local_ld,sum,0,0
2,3958,smsp,inst_executed_op_local_ld,sum,1,0
2,3958,smsp,inst_executed_op_local_ld,sum,2,0
2,3958,smsp,inst_executed_op_global_st,sum,0,2.12992e+06
2,3958,smsp,inst_executed_op_global_st,sum,1,2.12992e+06
2,3958,smsp,inst_executed_op_global_st,sum,2,2.12992e+06
2,3958,smsp,inst_executed_op_global_ld,sum,0,5.37723e+08
2,3958,smsp,inst_executed_op_global_ld,sum,1,5.37723e+08
2,3958,smsp,inst_executed_op_global_ld,sum,2,5.37723e+08
3,3950,sm,cycles_active,sum,0,6.88228e+09
3,3950,sm,cycles_active,sum,1,6.88236e+09
3,3950,sm,cycles_active,sum,2,6.88159e+09
3,3950,sys,cycles_active,sum,0,2.64093e+08
3,3950,sys,cycles_active,sum,1,2.66822e+08
3,3950,sys,cycles_active,sum,2,2.61904e+08
3,3950,sm,warps_active,sum,0,1.09591e+11
3,3950,sm,warps_active,sum,1,1.09578e+11
3,3950,sm,warps_active,sum,2,1.09569e+11
3,3950,smsp,inst_executed_op_generic_atom_dot_alu,sum,0,0
3,3950,smsp,inst_executed_op_generic_atom_dot_alu,sum,1,0
3,3950,smsp,inst_executed_op_generic_atom_dot_alu,sum,2,0
3,3950,sm,cycles_elapsed,sum,0,6.88698e+09
3,3950,sm,cycles_elapsed,sum,1,6.88992e+09
3,3950,sm,cycles_elapsed,sum,2,6.88863e+09
3,3950,sys,cycles_elapsed,sum,0,2.64093e+08
3,3950,sys,cycles_elapsed,sum,1,2.66822e+08
3,3950,sys,cycles_elapsed,sum,2,2.61904e+08
3,3950,dram,sectors_read,sum,0,1.52664e+08
3,3950,dram,sectors_read,sum,1,1.48766e+08
3,3950,dram,sectors_read,sum,2,1.50039e+08
3,3950,dram,sectors_write,sum,0,8.85702e+06
3,3950,dram,sectors_write,sum,1,8.8553e+06
3,3950,dram,sectors_write,sum,2,8.85808e+06
3,3950,smsp,inst_executed_op_generic_atom_dot_cas,sum,0,0
3,3950,smsp,inst_executed_op_generic_atom_dot_cas,sum,1,0
3,3950,smsp,inst_executed_op_generic_atom_dot_cas,sum,2,0
3,3950,smsp,inst_executed_op_global_red,sum,0,0
3,3950,smsp,inst_executed_op_global_red,sum,1,0
3,3950,smsp,inst_executed_op_global_red,sum,2,0
3,3950,sm,inst_executed,sum,0,2.05979e+10
3,3950,sm,inst_executed,sum,1,2.05979e+10
3,3950,sm,inst_executed,sum,2,2.05979e+10
3,3950,smsp,inst_executed_pipe_fma,sum,0,1.71823e+10
3,3950,smsp,inst_executed_pipe_fma,sum,1,1.71823e+10
3,3950,smsp,inst_executed_pipe_fma,sum,2,1.71823e+10
3,3950,smsp,inst_executed_pipe_fp64,sum,0,0
3,3950,smsp,inst_executed_pipe_fp64,sum,1,0
3,3950,smsp,inst_executed_pipe_fp64,sum,2,0
3,3950,sm,inst_issued,sum,0,2.05979e+10
3,3950,sm,inst_issued,sum,1,2.05979e+10
3,3950,sm,inst_issued,sum,2,2.05979e+10
3,3950,lts,t_sectors_op_read_lookup_miss,sum,0,1.52662e+08
3,3950,lts,t_sectors_op_read_lookup_miss,sum,1,1.48764e+08
3,3950,lts,t_sectors_op_read_lookup_miss,sum,2,1.50037e+08
3,3950,smsp,warps_launched,sum,0,32768
3,3950,smsp,warps_launched,sum,1,32768
3,3950,smsp,warps_launched,sum,2,32768
3,3950,smsp,thread_inst_executed,sum,0,6.59132e+11
3,3950,smsp,thread_inst_executed,sum,1,6.59132e+11
3,3950,smsp,thread_inst_executed,sum,2,6.59132e+11
3,3950,smsp,inst_executed_op_local_st,sum,0,0
3,3950,smsp,inst_executed_op_local_st,sum,1,0
3,3950,smsp,inst_executed_op_local_st,sum,2,0
3,3950,smsp,inst_executed_op_local_ld,sum,0,0
3,3950,smsp,inst_executed_op_local_ld,sum,1,0
3,3950,smsp,inst_executed_op_local_ld,sum,2,0
3,3950,smsp,inst_executed_op_global_st,sum,0,2.12992e+06
3,3950,smsp,inst_executed_op_global_st,sum,1,2.12992e+06
3,3950,smsp,inst_executed_op_global_st,sum,2,2.12992e+06
3,3950,smsp,inst_executed_op_global_ld,sum,0,5.37723e+08
3,3950,smsp,inst_executed_op_global_ld,sum,1,5.37723e+08
3,3950,smsp,inst_executed_op_global_ld,sum,2,5.37723e+08
4,3925,sm,cycles_active,sum,0,6.88156e+09
4,3925,sm,cycles_active,sum,1,6.88081e+09
4,3925,sm,cycles_active,sum,2,6.88147e+09
4,3925,sys,cycles_active,sum,0,2.6385e+08
4,3925,sys,cycles_active,sum,1,2.65526e+08
4,3925,sys,cycles_active,sum,2,2.65853e+08
4,3925,sm,warps_active,sum,0,1.09573e+11
4,3925,sm,warps_active,sum,1,1.09562e+11
4,3925,sm,warps_active,sum,2,1.09565e+11
4,3925,smsp,inst_executed_op_generic_atom_dot_alu,sum,0,0
4,3925,smsp,inst_executed_op_generic_atom_dot_alu,sum,1,0
4,3925,smsp,inst_executed_op_generic_atom_dot_alu,sum,2,0
4,3925,sm,cycles_elapsed,sum,0,6.88959e+09
4,3925,sm,cycles_elapsed,sum,1,6.88713e+09
4,3925,sm,cycles_elapsed,sum,2,6.8923e+09
4,3925,sys,cycles_elapsed,sum,0,2.6385e+08
4,3925,sys,cycles_elapsed,sum,1,2.65526e+08
4,3925,sys,cycles_elapsed,sum,2,2.65853e+08
4,3925,dram,sectors_read,sum,0,1.47576e+08
4,3925,dram,sectors_read,sum,1,1.58867e+08
4,3925,dram,sectors_read,sum,2,1.53029e+08
4,3925,dram,sectors_write,sum,0,8.86528e+06
4,3925,dram,sectors_write,sum,1,8.86594e+06
4,3925,dram,sectors_write,sum,2,8.85484e+06
4,3925,smsp,inst_executed_op_generic_atom_dot_cas,sum,0,0
4,3925,smsp,inst_executed_op_generic_atom_dot_cas,sum,1,0
4,3925,smsp,inst_executed_op_generic_atom_dot_cas,sum,2,0
4,3925,smsp,inst_executed_op_global_red,sum,0,0
4,3925,smsp,inst_executed_op_global_red,sum,1,0
4,3925,smsp,inst_executed_op_global_red,sum,2,0
4,3925,sm,inst_executed,sum,0,2.05979e+10
4,3925,sm,inst_executed,sum,1,2.05979e+10
4,3925,sm,inst_executed,sum,2,2.05979e+10
4,3925,smsp,inst_executed_pipe_fma,sum,0,1.71823e+10
4,3925,smsp,inst_executed_pipe_fma,sum,1,1.71823e+10
4,3925,smsp,inst_executed_pipe_fma,sum,2,1.71823e+10
4,3925,smsp,inst_executed_pipe_fp64,sum,0,0
4,3925,smsp,inst_executed_pipe_fp64,sum,1,0
4,3925,smsp,inst_executed_pipe_fp64,sum,2,0
4,3925,sm,inst_issued,sum,0,2.05979e+10
4,3925,sm,inst_issued,sum,1,2.05979e+10
4,3925,sm,inst_issued,sum,2,2.05979e+10
4,3925,lts,t_sectors_op_read_lookup_miss,sum,0,1.47574e+08
4,3925,lts,t_sectors_op_read_lookup_miss,sum,1,1.58865e+08
4,3925,lts,t_sectors_op_read_lookup_miss,sum,2,1.5303e+08
4,3925,smsp,warps_launched,sum,0,32768
4,3925,smsp,warps_launched,sum,1,32768
4,3925,smsp,warps_launched,sum,2,32768
4,3925,smsp,thread_inst_executed,sum,0,6.59132e+11
4,3925,smsp,thread_inst_executed,sum,1,6.59132e+11
4,3925,smsp,thread_inst_executed,sum,2,6.59132e+11
4,3925,smsp,inst_executed_op_local_st,sum,0,0
4,3925,smsp,inst_executed_op_local_st,sum,1,0
4,3925,smsp,inst_executed_op_local_st,sum,2,0
4,3925,smsp,inst_executed_op_local_ld,sum,0,0
4,3925,smsp,inst_executed_op_local_ld,sum,1,0
4,3925,smsp,inst_executed_op_local_ld,sum,2,0
4,3925,smsp,inst_executed_op_global_st,sum,0,2.12992e+06
4,3925,smsp,inst_executed_op_global_st,sum,1,2.12992e+06
4,3925,smsp,inst_executed_op_global_st,sum,2,2.12992e+06
4,3925,smsp,inst_executed_op_global_ld,sum,0,5.37723e+08
4,3925,smsp,inst_executed_op_global_ld,sum,1,5.37723e+08
4,3925,smsp,inst_executed_op_global_ld,sum,2,5.37723e+08
5,4398,sm,cycles_active,sum,0,6.88083e+09
5,4398,sm,cycles_active,sum,1,9.70104e+08
5,4398,sm,cycles_active,sum,2,6.88076e+09
5,4398,sys,cycles_active,sum,0,2.62534e+08
5,4398,sys,cycles_active,sum,1,3.6495e+07
5,4398,sys,cycles_active,sum,2,2.65028e+08
5,4398,sm,warps_active,sum,0,1.09647e+11
5,4398,sm,warps_active,sum,1,4.3308e+10
5,4398,sm,warps_active,sum,2,1.09627e+11
5,4398,smsp,inst_executed_op_generic_atom_dot_alu,sum,0,0
5,4398,smsp,inst_executed_op_generic_atom_dot_alu,sum,1,0
5,4398,smsp,inst_executed_op_generic_atom_dot_alu,sum,2,0
5,4398,sm,cycles_elapsed,sum,0,6.8882e+09
5,4398,sm,cycles_elapsed,sum,1,9.93884e+08
5,4398,sm,cycles_elapsed,sum,2,6.8885e+09
5,4398,sys,cycles_elapsed,sum,0,2.62534e+08
5,4398,sys,cycles_elapsed,sum,1,3.6495e+07
5,4398,sys,cycles_elapsed,sum,2,2.65028e+08
5,4398,dram,sectors_read,sum,0,1.49398e+08
5,4398,dram,sectors_read,sum,1,1.09077e+08
5,4398,dram,sectors_read,sum,2,1.44981e+08
5,4398,dram,sectors_write,sum,0,8.86921e+06
5,4398,dram,sectors_write,sum,1,465260
5,4398,dram,sectors_write,sum,2,8.86799e+06
5,4398,smsp,inst_executed_op_generic_atom_dot_cas,sum,0,0
5,4398,smsp,inst_executed_op_generic_atom_dot_cas,sum,1,0
5,4398,smsp,inst_executed_op_generic_atom_dot_cas,sum,2,0
5,4398,smsp,inst_executed_op_global_red,sum,0,0
5,4398,smsp,inst_executed_op_global_red,sum,1,2.09715e+06
5,4398,smsp,inst_executed_op_global_red,sum,2,0
5,4398,sm,inst_executed,sum,0,2.05979e+10
5,4398,sm,inst_executed,sum,1,3.37641e+08
5,4398,sm,inst_executed,sum,2,2.05979e+10
5,4398,smsp,inst_executed_pipe_fma,sum,0,1.71823e+10
5,4398,smsp,inst_executed_pipe_fma,sum,1,1.15343e+08
5,4398,smsp,inst_executed_pipe_fma,sum,2,1.71823e+10
5,4398,smsp,inst_executed_pipe_fp64,sum,0,0
5,4398,smsp,inst_executed_pipe_fp64,sum,1,0
5,4398,smsp,inst_executed_pipe_fp64,sum,2,0
5,4398,sm,inst_issued,sum,0,2.05979e+10
5,4398,sm,inst_issued,sum,1,3.37656e+08
5,4398,sm,inst_issued,sum,2,2.05979e+10
5,4398,lts,t_sectors_op_read_lookup_miss,sum,0,1.49395e+08
5,4398,lts,t_sectors_op_read_lookup_miss,sum,1,1.09077e+08
5,4398,lts,t_sectors_op_read_lookup_miss,sum,2,1.44979e+08
5,4398,smsp,warps_launched,sum,0,32768
5,4398,smsp,warps_launched,sum,1,2.09715e+06
5,4398,smsp,warps_launched,sum,2,32768
5,4398,smsp,thread_inst_executed,sum,0,6.59132e+11
5,4398,smsp,thread_inst_executed,sum,1,1.08045e+10
5,4398,smsp,thread_inst_executed,sum,2,6.59132e+11
5,4398,smsp,inst_executed_op_local_st,sum,0,0
5,4398,smsp,inst_executed_op_local_st,sum,1,0
5,4398,smsp,inst_executed_op_local_st,sum,2,0
5,4398,smsp,inst_executed_op_local_ld,sum,0,0
5,4398,smsp,inst_executed_op_local_ld,sum,1,0
5,4398,smsp,inst_executed_op_local_ld,sum,2,0
5,4398,smsp,inst_executed_op_global_st,sum,0,2.12992e+06
5,4398,smsp,inst_executed_op_global_st,sum,1,0
5,4398,smsp,inst_executed_op_global_st,sum,2,2.12992e+06
5,4398,smsp,inst_executed_op_global_ld,sum,0,5.37723e+08
5,4398,smsp,inst_executed_op_global_ld,sum,1,2.7263e+07
5,4398,smsp,inst_executed_op_global_ld,sum,2,5.37723e+08
6,3940,sm,cycles_active,sum,0,6.88153e+09
6,3940,sm,cycles_active,sum,1,6.88463e+09
6,3940,sm,cycles_active,sum,2,6.88229e+09
6,3940,sys,cycles_active,sum,0,2.62551e+08
6,3940,sys,cycles_active,sum,1,2.63874e+08
6,3940,sys,cycles_active,sum,2,2.66333e+08
6,3940,sm,warps_active,sum,0,1.09564e+11
6,3940,sm,warps_active,sum,1,1.09637e+11
6,3940,sm,warps_active,sum,2,1.09585e+11
6,3940,smsp,inst_executed_op_generic_atom_dot_alu,sum,0,0
6,3940,smsp,inst_executed_op_generic_atom_dot_alu,sum,1,0
6,3940,smsp,inst_executed_op_generic_atom_dot_alu,sum,2,0
6,3940,sm,cycles_elapsed,sum,0,6.89308e+09
6,3940,sm,cycles_elapsed,sum,1,6.8859e+09
6,3940,sm,cycles_elapsed,sum,2,6.89005e+09
6,3940,sys,cycles_elapsed,sum,0,2.62551e+08
6,3940,sys,cycles_elapsed,sum,1,2.63874e+08
6,3940,sys,cycles_elapsed,sum,2,2.66333e+08
6,3940,dram,sectors_read,sum,0,1.55171e+08
6,3940,dram,sectors_read,sum,1,1.51533e+08
6,3940,dram,sectors_read,sum,2,1.47768e+08
6,3940,dram,sectors_write,sum,0,8.85764e+06
6,3940,dram,sectors_write,sum,1,8.86476e+06
6,3940,dram,sectors_write,sum,2,8.85909e+06
6,3940,smsp,inst_executed_op_generic_atom_dot_cas,sum,0,0
6,3940,smsp,inst_executed_op_generic_atom_dot_cas,sum,1,0
6,3940,smsp,inst_executed_op_generic_atom_dot_cas,sum,2,0
6,3940,smsp,inst_executed_op_global_red,sum,0,0
6,3940,smsp,inst_executed_op_global_red,sum,1,0
6,3940,smsp,inst_executed_op_global_red,sum,2,0
6,3940,sm,inst_executed,sum,0,2.05979e+10
6,3940,sm,inst_executed,sum,1,2.05979e+10
6,3940,sm,inst_executed,sum,2,2.05979e+10
6,3940,smsp,inst_executed_pipe_fma,sum,0,1.71823e+10
6,3940,smsp,inst_executed_pipe_fma,sum,1,1.71823e+10
6,3940,smsp,inst_executed_pipe_fma,sum,2,1.71823e+10
6,3940,smsp,inst_executed_pipe_fp64,sum,0,0
6,3940,smsp,inst_executed_pipe_fp64,sum,1,0
6,3940,smsp,inst_executed_pipe_fp64,sum,2,0
6,3940,sm,inst_issued,sum,0,2.05979e+10
6,3940,sm,inst_issued,sum,1,2.05979e+10
6,3940,sm,inst_issued,sum,2,2.05979e+10
6,3940,lts,t_sectors_op_read_lookup_miss,sum,0,1.55169e+08
6,3940,lts,t_sectors_op_read_lookup_miss,sum,1,1.5153e+08
6,3940,lts,t_sectors_op_read_lookup_miss,sum,2,1.47766e+08
6,3940,smsp,warps_launched,sum,0,32768
6,3940,smsp,warps_launched,sum,1,32768
6,3940,smsp,warps_launched,sum,2,32768
6,3940,smsp,thread_inst_executed,sum,0,6.59132e+11
6,3940,smsp,thread_inst_executed,sum,1,6.59132e+11
6,3940,smsp,thread_inst_executed,sum,2,6.59132e+11
6,3940,smsp,inst_executed_op_local_st,sum,0,0
6,3940,smsp,inst_executed_op_local_st,sum,1,0
6,3940,smsp,inst_executed_op_local_st,sum,2,0
6,3940,smsp,inst_executed_op_local_ld,sum,0,0
6,3940,smsp,inst_executed_op_local_ld,sum,1,0
6,3940,smsp,inst_executed_op_local_ld,sum,2,0
6,3940,smsp,inst_executed_op_global_st,sum,0,2.12992e+06
6,3940,smsp,inst_executed_op_global_st,sum,1,2.12992e+06
6,3940,smsp,inst_executed_op_global_st,sum,2,2.12992e+06
6,3940,smsp,inst_executed_op_global_ld,sum,0,5.37723e+08
6,3940,smsp,inst_executed_op_global_ld,sum,1,5.37723e+08
6,3940,smsp,inst_executed_op_global_ld,sum,2,5.37723e+08
7,3897,sm,cycles_active,sum,0,6.88299e+09
7,3897,sm,cycles_active,sum,1,6.88085e+09
7,3897,sm,cycles_active,sum,2,6.88143e+09
7,3897,sys,cycles_active,sum,0,2.61639e+08
7,3897,sys,cycles_active,sum,1,2.67649e+08
7,3897,sys,cycles_active,sum,2,2.6506e+08
7,3897,sm,warps_active,sum,0,1.09611e+11
7,3897,sm,warps_active,sum,1,1.09545e+11
7,3897,sm,warps_active,sum,2,1.0957e+11
7,3897,smsp,inst_executed_op_generic_atom_dot_alu,sum,0,0
7,3897,smsp,inst_executed_op_generic_atom_dot_alu,sum,1,0
7,3897,smsp,inst_executed_op_generic_atom_dot_alu,sum,2,0
7,3897,sm,cycles_elapsed,sum,0,6.89359e+09
7,3897,sm,cycles_elapsed,sum,1,6.89094e+09
7,3897,sm,cycles_elapsed,sum,2,6.8878e+09
7,3897,sys,cycles_elapsed,sum,0,2.61639e+08
7,3897,sys,cycles_elapsed,sum,1,2.67649e+08
7,3897,sys,cycles_elapsed,sum,2,2.6506e+08
7,3897,dram,sectors_read,sum,0,1.59168e+08
7,3897,dram,sectors_read,sum,1,1.48988e+08
7,3897,dram,sectors_read,sum,2,1.4688e+08
7,3897,dram,sectors_write,sum,0,8.8616e+06
7,3897,dram,sectors_write,sum,1,8.86278e+06
7,3897,dram,sectors_write,sum,2,8.86799e+06
7,3897,smsp,inst_executed_op_generic_atom_dot_cas,sum,0,0
7,3897,smsp,inst_executed_op_generic_atom_dot_cas,sum,1,0
7,3897,smsp,inst_executed_op_generic_atom_dot_cas,sum,2,0
7,3897,smsp,inst_executed_op_global_red,sum,0,0
7,3897,smsp,inst_executed_op_global_red,sum,1,0
7,3897,smsp,inst_executed_op_global_red,sum,2,0
7,3897,sm,inst_executed,sum,0,2.05979e+10
7,3897,sm,inst_executed,sum,1,2.05979e+10
7,3897,sm,inst_executed,sum,2,2.05979e+10
7,3897,smsp,inst_executed_pipe_fma,sum,0,1.71823e+10
7,3897,smsp,inst_executed_pipe_fma,sum,1,1.71823e+10
7,3897,smsp,inst_executed_pipe_fma,sum,2,1.71823e+10
7,3897,smsp,inst_executed_pipe_fp64,sum,0,0
7,3897,smsp,inst_executed_pipe_fp64,sum,1,0
7,3897,smsp,inst_executed_pipe_fp64,sum,2,0
7,3897,sm,inst_issued,sum,0,2.05979e+10
7,3897,sm,inst_issued,sum,1,2.05979e+10
7,3897,sm,inst_issued,sum,2,2.05979e+10
7,3897,lts,t_sectors_op_read_lookup_miss,sum,0,1.59166e+08
7,3897,lts,t_sectors_op_read_lookup_miss,sum,1,1.48986e+08
7,3897,lts,t_sectors_op_read_lookup_miss,sum,2,1.46877e+08
7,3897,smsp,warps_launched,sum,0,32768
7,3897,smsp,warps_launched,sum,1,32768
7,3897,smsp,warps_launched,sum,2,32768
7,3897,smsp,thread_inst_executed,sum,0,6.59132e+11
7,3897,smsp,thread_inst_executed,sum,1,6.59132e+11
7,3897,smsp,thread_inst_executed,sum,2,6.59132e+11
7,3897,smsp,inst_executed_op_local_st,sum,0,0
7,3897,smsp,inst_executed_op_local_st,sum,1,0
7,3897,smsp,inst_executed_op_local_st,sum,2,0
7,3897,smsp,inst_executed_op_local_ld,sum,0,0
7,3897,smsp,inst_executed_op_local_ld,sum,1,0
7,3897,smsp,inst_executed_op_local_ld,sum,2,0
7,3897,smsp,inst_executed_op_global_st,sum,0,2.12992e+06
7,3897,smsp,inst_executed_op_global_st,sum,1,2.12992e+06
7,3897,smsp,inst_executed_op_global_st,sum,2,2.12992e+06
7,3897,smsp,inst_executed_op_global_ld,sum,0,5.37723e+08
7,3897,smsp,inst_executed_op_global_ld,sum,1,5.37723e+08
7,3897,smsp,inst_executed_op_global_ld,sum,2,5.37723e+08
8,3934,sm,cycles_active,sum,0,6.88154e+09
8,3934,sm,cycles_active,sum,1,6.88231e+09
8,3934,sm,cycles_active,sum,2,6.88145e+09
8,3934,sys,cycles_active,sum,0,2.67517e+08
8,3934,sys,cycles_active,sum,1,2.6741e+08
8,3934,sys,cycles_active,sum,2,2.62364e+08
8,3934,sm,warps_active,sum,0,1.0957e+11
8,3934,sm,warps_active,sum,1,1.09597e+11
8,3934,sm,warps_active,sum,2,1.09581e+11
8,3934,smsp,inst_executed_op_generic_atom_dot_alu,sum,0,0
8,3934,smsp,inst_executed_op_generic_atom_dot_alu,sum,1,0
8,3934,smsp,inst_executed_op_generic_atom_dot_alu,sum,2,0
8,3934,sm,cycles_elapsed,sum,0,6.88869e+09
8,3934,sm,cycles_elapsed,sum,1,6.89107e+09
8,3934,sm,cycles_elapsed,sum,2,6.89153e+09
8,3934,sys,cycles_elapsed,sum,0,2.67517e+08
8,3934,sys,cycles_elapsed,sum,1,2.6741e+08
8,3934,sys,cycles_elapsed,sum,2,2.62364e+08
8,3934,dram,sectors_read,sum,0,1.48956e+08
8,3934,dram,sectors_read,sum,1,1.47826e+08
8,3934,dram,sectors_read,sum,2,1.48622e+08
8,3934,dram,sectors_write,sum,0,8.85674e+06
8,3934,dram,sectors_write,sum,1,8.87081e+06
8,3934,dram,sectors_write,sum,2,8.86558e+06
8,3934,smsp,inst_executed_op_generic_atom_dot_cas,sum,0,0
8,3934,smsp,inst_executed_op_generic_atom_dot_cas,sum,1,0
8,3934,smsp,inst_executed_op_generic_atom_dot_cas,sum,2,0
8,3934,smsp,inst_executed_op_global_red,sum,0,0
8,3934,smsp,inst_executed_op_global_red,sum,1,0
8,3934,smsp,inst_executed_op_global_red,sum,2,0
8,3934,sm,inst_executed,sum,0,2.05979e+10
8,3934,sm,inst_executed,sum,1,2.05979e+10
8,3934,sm,inst_executed,sum,2,2.05979e+10
8,3934,smsp,inst_executed_pipe_fma,sum,0,1.71823e+10
8,3934,smsp,inst_executed_pipe_fma,sum,1,1.71823e+10
8,3934,smsp,inst_executed_pipe_fma,sum,2,1.71823e+10
8,3934,smsp,inst_executed_pipe_fp64,sum,0,0
8,3934,smsp,inst_executed_pipe_fp64,sum,1,0
8,3934,smsp,inst_executed_pipe_fp64,sum,2,0
8,3934,sm,inst_issued,sum,0,2.05979e+10
8,3934,sm,inst_issued,sum,1,2.05979e+10
8,3934,sm,inst_issued,sum,2,2.05979e+10
8,3934,lts,t_sectors_op_read_lookup_miss,sum,0,1.48955e+08
8,3934,lts,t_sectors_op_read_lookup_miss,sum,1,1.47824e+08
8,3934,lts,t_sectors_op_read_lookup_miss,sum,2,1.48619e+08
8,3934,smsp,warps_launched,sum,0,32768
8,3934,smsp,warps_launched,sum,1,32768
8,3934,smsp,warps_launched,sum,2,32768
8,3934,smsp,thread_inst_executed,sum,0,6.59132e+11
8,3934,smsp,thread_inst_executed,sum,1,6.59132e+11
8,3934,smsp,thread_inst_executed,sum,2,6.59132e+11
8,3934,smsp,inst_executed_op_local_st,sum,0,0
8,3934,smsp,inst_executed_op_local_st,sum,1,0
8,3934,smsp,inst_executed_op_local_st,sum,2,0
8,3934,smsp,inst_executed_op_local_ld,sum,0,0
8,3934,smsp,inst_executed_op_local_ld,sum,1,0
8,3934,smsp,inst_executed_op_local_ld,sum,2,0
8,3934,smsp,inst_executed_op_global_st,sum,0,2.12992e+06
8,3934,smsp,inst_executed_op_global_st,sum,1,2.12992e+06
8,3934,smsp,inst_executed_op_global_st,sum,2,2.12992e+06
8,3934,smsp,inst_executed_op_global_ld,sum,0,5.37723e+08
8,3934,smsp,inst_executed_op_global_ld,sum,1,5.37723e+08
8,3934,smsp,inst_executed_op_global_ld,sum,2,5.37723e+08
9,4372,sm,cycles_active,sum,0,6.88227e+09
9,4372,sm,cycles_active,sum,1,6.88151e+09
9,4372,sm,cycles_active,sum,2,9.87996e+08
9,4372,sys,cycles_active,sum,0,2.62577e+08
9,4372,sys,cycles_active,sum,1,2.65202e+08
9,4372,sys,cycles_active,sum,2,3.64706e+07
9,4372,sm,warps_active,sum,0,1.09592e+11
9,4372,sm,warps_active,sum,1,1.09572e+11
9,4372,sm,warps_active,sum,2,4.3227e+10
9,4372,smsp,inst_executed_op_generic_atom_dot_alu,sum,0,0
9,4372,smsp,inst_executed_op_generic_atom_dot_alu,sum,1,0
9,4372,smsp,inst_executed_op_generic_atom_dot_alu,sum,2,0
9,4372,sm,cycles_elapsed,sum,0,6.89016e+09
9,4372,sm,cycles_elapsed,sum,1,6.8921e+09
9,4372,sm,cycles_elapsed,sum,2,9.93935e+08
9,4372,sys,cycles_elapsed,sum,0,2.62577e+08
9,4372,sys,cycles_elapsed,sum,1,2.65202e+08
9,4372,sys,cycles_elapsed,sum,2,3.64706e+07
9,4372,dram,sectors_read,sum,0,1.47306e+08
9,4372,dram,sectors_read,sum,1,1.52516e+08
9,4372,dram,sectors_read,sum,2,1.09103e+08
9,4372,dram,sectors_write,sum,0,8.85244e+06
9,4372,dram,sectors_write,sum,1,8.87238e+06
9,4372,dram,sectors_write,sum,2,467256
9,4372,smsp,inst_executed_op_generic_atom_dot_cas,sum,0,0
9,4372,smsp,inst_executed_op_generic_atom_dot_cas,sum,1,0
9,4372,smsp,inst_executed_op_generic_atom_dot_cas,sum,2,0
9,4372,smsp,inst_executed_op_global_red,sum,0,0
9,4372,smsp,inst_executed_op_global_red,sum,1,0
9,4372,smsp,inst_executed_op_global_red,sum,2,2.09715e+06
9,4372,sm,inst_executed,sum,0,2.05979e+10
9,4372,sm,inst_executed,sum,1,2.05979e+10
9,4372,sm,inst_executed,sum,2,3.37641e+08
9,4372,smsp,inst_executed_pipe_fma,sum,0,1.71823e+10
9,4372,smsp,inst_executed_pipe_fma,sum,1,1.71823e+10
9,4372,smsp,inst_executed_pipe_fma,sum,2,1.15343e+08
9,4372,smsp,inst_executed_pipe_fp64,sum,0,0
9,4372,smsp,inst_executed_pipe_fp64,sum,1,0
9,4372,smsp,inst_executed_pipe_fp64,sum,2,0
9,4372,sm,inst_issued,sum,0,2.05979e+10
9,4372,sm,inst_issued,sum,1,2.05979e+10
9,4372,sm,inst_issued,sum,2,3.37656e+08
9,4372,lts,t_sectors_op_read_lookup_miss,sum,0,1.47304e+08
9,4372,lts,t_sectors_op_read_lookup_miss,sum,1,1.52514e+08
9,4372,lts,t_sectors_op_read_lookup_miss,sum,2,1.09102e+08
9,4372,smsp,warps_launched,sum,0,32768
9,4372,smsp,warps_launched,sum,1,32768
9,4372,smsp,warps_launched,sum,2,2.09715e+06
9,4372,smsp,thread_inst_executed,sum,0,6.59132e+11
9,4372,smsp,thread_inst_executed,sum,1,6.59132e+11
9,4372,smsp,thread_inst_executed,sum,2,1.08045e+10
9,4372,smsp,inst_executed_op_local_st,sum,0,0
9,4372,smsp,inst_executed_op_local_st,sum,1,0
9,4372,smsp,inst_executed_op_local_st,sum,2,0
9,4372,smsp,inst_executed_op_local_ld,sum,0,0
9,4372,smsp,inst_executed_op_local_ld,sum,1,0
9,4372,smsp,inst_executed_op_local_ld,sum,2,0
9,4372,smsp,inst_executed_op_global_st,sum,0,2.12992e+06
9,4372,smsp,inst_executed_op_global_st,sum,1,2.12992e+06
9,4372,smsp,inst_executed_op_global_st,sum,2,0
9,4372,smsp,inst_executed_op_global_ld,sum,0,5.37723e+08
9,4372,smsp,inst_executed_op_global_ld,sum,1,5.37723e+08
9,4372,smsp,inst_executed_op_global_ld,sum,2,2.7263e+07
10,3920,sm,cycles_active,sum,0,6.8838e+09
10,3920,sm,cycles_active,sum,1,6.88153e+09
10,3920,sm,cycles_active,sum,2,6.88382e+09
10,3920,sys,cycles_active,sum,0,2.65827e+08
10,3920,sys,cycles_active,sum,1,2.67835e+08
10,3920,sys,cycles_active,sum,2,2.63706e+08
10,3920,sm,warps_active,sum,0,1.09635e+11
10,3920,sm,warps_active,sum,1,1.09563e+11
10,3920,sm,warps_active,sum,2,1.09609e+11
10,3920,smsp,inst_executed_op_generic_atom_dot_alu,sum,0,0
10,3920,smsp,inst_executed_op_generic_atom_dot_alu,sum,1,0
10,3920,smsp,inst_executed_op_generic_atom_dot_alu,sum,2,0
10,3920,sm,cycles_elapsed,sum,0,6.88616e+09
10,3920,sm,cycles_elapsed,sum,1,6.89125e+09
10,3920,sm,cycles_elapsed,sum,2,6.88781e+09
10,3920,sys,cycles_elapsed,sum,0,2.65827e+08
10,3920,sys,cycles_elapsed,sum,1,2.67835e+08
10,3920,sys,cycles_elapsed,sum,2,2.63706e+08
10,3920,dram,sectors_read,sum,0,1.51262e+08
10,3920,dram,sectors_read,sum,1,1.48514e+08
10,3920,dram,sectors_read,sum,2,1.49651e+08
10,3920,dram,sectors_write,sum,0,8.8513e+06
10,3920,dram,sectors_write,sum,1,8.86278e+06
10,3920,dram,sectors_write,sum,2,8.86584e+06
10,3920,smsp,inst_executed_op_generic_atom_dot_cas,sum,0,0
10,3920,smsp,inst_executed_op_generic_atom_dot_cas,sum,1,0
10,3920,smsp,inst_executed_op_generic_atom_dot_cas,sum,2,0
10,3920,smsp,inst_executed_op_global_red,sum,0,0
10,3920,smsp,inst_executed_op_global_red,sum,1,0
10,3920,smsp,inst_executed_op_global_red,sum,2,0
10,3920,sm,inst_executed,sum,0,2.05979e+10
10,3920,sm,inst_executed,sum,1,2.05979e+10
10,3920,sm,inst_executed,sum,2,2.05979e+10
10,3920,smsp,inst_executed_pipe_fma,sum,0,1.71823e+10
10,3920,smsp,inst_executed_pipe_fma,sum,1,1.71823e+10
10,3920,smsp,inst_executed_pipe_fma,sum,2,1.71823e+10
10,3920,smsp,inst_executed_pipe_fp64,sum,0,0
10,3920,smsp,inst_executed_pipe_fp64,sum,1,0
10,3920,smsp,inst_executed_pipe_fp64,sum,2,0
10,3920,sm,inst_issued,sum,0,2.05979e+10
10,3920,sm,inst_issued,sum,1,2.05979e+10
10,3920,sm,inst_issued,sum,2,2.05979e+10
10,3920,lts,t_sectors_op_read_lookup_miss,sum,0,1.5126e+08
10,3920,lts,t_sectors_op_read_lookup_miss,sum,1,1.48512e+08
10,3920,lts,t_sectors_op_read_lookup_miss,sum,2,1.49648e+08
10,3920,smsp,warps_launched,sum,0,32768
10,3920,smsp,warps_launched,sum,1,32768
10,3920,smsp,warps_launched,sum,2,32768
10,3920,smsp,thread_inst_executed,sum,0,6.59132e+11
10,3920,smsp,thread_inst_executed,sum,1,6.59132e+11
10,3920,smsp,thread_inst_executed,sum,2,6.59132e+11
10,3920,smsp,inst_executed_op_local_st,sum,0,0
10,3920,smsp,inst_executed_op_local_st,sum,1,0
10,3920,smsp,inst_executed_op_local_st,sum,2,0
10,3920,smsp,inst_executed_op_local_ld,sum,0,0
10,3920,smsp,inst_executed_op_local_ld,sum,1,0
10,3920,smsp,inst_executed_op_local_ld,sum,2,0
10,3920,smsp,inst_executed_op_global_st,sum,0,2.12992e+06
10,3920,smsp,inst_executed_op_global_st,sum,1,2.12992e+06
10,3920,smsp,inst_executed_op_global_st,sum,2,2.12992e+06
10,3920,smsp,inst_executed_op_global_ld,sum,0,5.37723e+08
10,3920,smsp,inst_executed_op_global_ld,sum,1,5.37723e+08
10,3920,smsp,inst_executed_op_global_ld,sum,2,5.37723e+08
11,3959,sm,cycles_active,sum,0,6.88227e+09
11,3959,sm,cycles_active,sum,1,6.88066e+09
11,3959,sm,cycles_active,sum,2,6.88146e+09
11,3959,sys,cycles_active,sum,0,2.65589e+08
11,3959,sys,cycles_active,sum,1,2.643e+08
11,3959,sys,cycles_active,sum,2,2.65599e+08
11,3959,sm,warps_active,sum,0,1.0959e+11
11,3959,sm,warps_active,sum,1,1.09539e+11
11,3959,sm,warps_active,sum,2,1.09586e+11
11,3959,smsp,inst_executed_op_generic_atom_dot_alu,sum,0,0
11,3959,smsp,inst_executed_op_generic_atom_dot_alu,sum,1,0
11,3959,smsp,inst_executed_op_generic_atom_dot_alu,sum,2,0
11,3959,sm,cycles_elapsed,sum,0,6.88932e+09
11,3959,sm,cycles_elapsed,sum,1,6.89185e+09
11,3959,sm,cycles_elapsed,sum,2,6.88833e+09
11,3959,sys,cycles_elapsed,sum,0,2.65589e+08
11,3959,sys,cycles_elapsed,sum,1,2.643e+08
11,3959,sys,cycles_elapsed,sum,2,2.65599e+08
11,3959,dram,sectors_read,sum,0,1.46668e+08
11,3959,dram,sectors_read,sum,1,1.47972e+08
11,3959,dram,sectors_read,sum,2,1.49331e+08
11,3959,dram,sectors_write,sum,0,8.8498e+06
11,3959,dram,sectors_write,sum,1,8.8746e+06
11,3959,dram,sectors_write,sum,2,8.8594e+06
11,3959,smsp,inst_executed_op_generic_atom_dot_cas,sum,0,0
11,3959,smsp,inst_executed_op_generic_atom_dot_cas,sum,1,0
11,3959,smsp,inst_executed_op_generic_atom_dot_cas,sum,2,0
11,3959,smsp,inst_executed_op_global_red,sum,0,0
11,3959,smsp,inst_executed_op_global_red,sum,1,0
11,3959,smsp,inst_executed_op_global_red,sum,2,0
11,3959,sm,inst_executed,sum,0,2.05979e+10
11,3959,sm,inst_executed,sum,1,2.05979e+10
11,3959,sm,inst_executed,sum,2,2.05979e+10
11,3959,smsp,inst_executed_pipe_fma,sum,0,1.71823e+10
11,3959,smsp,inst_executed_pipe_fma,sum,1,1.71823e+10
11,3959,smsp,inst_executed_pipe_fma,sum,2,1.71823e+10
11,3959,smsp,inst_executed_pipe_fp64,sum,0,0
11,3959,smsp,inst_executed_pipe_fp64,sum,1,0
11,3959,smsp,inst_executed_pipe_fp64,sum,2,0
11,3959,sm,inst_issued,sum,0,2.05979e+10
11,3959,sm,inst_issued,sum,1,2.05979e+10
11,3959,sm,inst_issued,sum,2,2.05979e+10
11,3959,lts,t_sectors_op_read_lookup_miss,sum,0,1.46666e+08
11,3959,lts,t_sectors_op_read_lookup_miss,sum,1,1.47969e+08
11,3959,lts,t_sectors_op_read_lookup_miss,sum,2,1.49329e+08
11,3959,smsp,warps_launched,sum,0,32768
11,3959,smsp,warps_launched,sum,1,32768
11,3959,smsp,warps_launched,sum,2,32768
11,3959,smsp,thread_inst_executed,sum,0,6.59132e+11
11,3959,smsp,thread_inst_executed,sum,1,6.59132e+11
11,3959,smsp,thread_inst_executed,sum,2,6.59132e+11
11,3959,smsp,inst_executed_op_local_st,sum,0,0
11,3959,smsp,inst_executed_op_local_st,sum,1,0
11,3959,smsp,inst_executed_op_local_st,sum,2,0
11,3959,smsp,inst_executed_op_local_ld,sum,0,0
11,3959,smsp,inst_executed_op_local_ld,sum,1,0
11,3959,smsp,inst_executed_op_local_ld,sum,2,0
11,3959,smsp,inst_executed_op_global_st,sum,0,2.12992e+06
11,3959,smsp,inst_executed_op_global_st,sum,1,2.12992e+06
11,3959,smsp,inst_executed_op_global_st,sum,2,2.12992e+06
11,3959,smsp,inst_executed_op_global_ld,sum,0,5.37723e+08
11,3959,smsp,inst_executed_op_global_ld,sum,1,5.37723e+08
11,3959,smsp,inst_executed_op_global_ld,sum,2,5.37723e+08
12,3959,sm,cycles_active,sum,0,6.88315e+09
12,3959,sm,cycles_active,sum,1,6.88313e+09
12,3959,sm,cycles_active,sum,2,6.88541e+09
12,3959,sys,cycles_active,sum,0,2.6528e+08
12,3959,sys,cycles_active,sum,1,2.64862e+08
12,3959,sys,cycles_active,sum,2,2.65824e+08
12,3959,sm,warps_active,sum,0,1.09604e+11
12,3959,sm,warps_active,sum,1,1.0959e+11
12,3959,sm,warps_active,sum,2,1.09638e+11
12,3959,smsp,inst_executed_op_generic_atom_dot_alu,sum,0,0
12,3959,smsp,inst_executed_op_generic_atom_dot_alu,sum,1,0
12,3959,smsp,inst_executed_op_generic_atom_dot_alu,sum,2,0
12,3959,sm,cycles_elapsed,sum,0,6.89122e+09
12,3959,sm,cycles_elapsed,sum,1,6.88695e+09
12,3959,sm,cycles_elapsed,sum,2,6.8873e+09
12,3959,sys,cycles_elapsed,sum,0,2.6528e+08
12,3959,sys,cycles_elapsed,sum,1,2.64862e+08
12,3959,sys,cycles_elapsed,sum,2,2.65824e+08
12,3959,dram,sectors_read,sum,0,1.49734e+08
12,3959,dram,sectors_read,sum,1,1.48264e+08
12,3959,dram,sectors_read,sum,2,1.46169e+08
12,3959,dram,sectors_write,sum,0,8.86749e+06
12,3959,dram,sectors_write,sum,1,8.85336e+06
12,3959,dram,sectors_write,sum,2,8.85147e+06
12,3959,smsp,inst_executed_op_generic_atom_dot_cas,sum,0,0
12,3959,smsp,inst_executed_op_generic_atom_dot_cas,sum,1,0
12,3959,smsp,inst_executed_op_generic_atom_dot_cas,sum,2,0
12,3959,smsp,inst_executed_op_global_red,sum,0,0
12,3959,smsp,inst_executed_op_global_red,sum,1,0
12,3959,smsp,inst_executed_op_global_red,sum,2,0
12,3959,sm,inst_executed,sum,0,2.05979e+10
12,3959,sm,inst_executed,sum,1,2.05979e+10
12,3959,sm,inst_executed,sum,2,2.05979e+10
12,3959,smsp,inst_executed_pipe_fma,sum,0,1.71823e+10
12,3959,smsp,inst_executed_pipe_fma,sum,1,1.71823e+10
12,3959,smsp,inst_executed_pipe_fma,sum,2,1.71823e+10
12,3959,smsp,inst_executed_pipe_fp64,sum,0,0
12,3959,smsp,inst_executed_pipe_fp64,sum,1,0
12,3959,smsp,inst_executed_pipe_fp64,sum,2,0
12,3959,sm,inst_issued,sum,0,2.05979e+10
12,3959,sm,inst_issued,sum,1,2.05979e+10
12,3959,sm,inst_issued,sum,2,2.05979e+10
12,3959,lts,t_sectors_op_read_lookup_miss,sum,0,1.49731e+08
12,3959,lts,t_sectors_op_read_lookup_miss,sum,1,1.48262e+08
12,3959,lts,t_sectors_op_read_lookup_miss,sum,2,1.46167e+08
12,3959,smsp,warps_launched,sum,0,32768
12,3959,smsp,warps_launched,sum,1,32768
12,3959,smsp,warps_launched,sum,2,32768
12,3959,smsp,thread_inst_executed,sum,0,6.59132e+11
12,3959,smsp,thread_inst_executed,sum,1,6.59132e+11
12,3959,smsp,thread_inst_executed,sum,2,6.59132e+11
12,3959,smsp,inst_executed_op_local_st,sum,0,0
12,3959,smsp,inst_executed_op_local_st,sum,1,0
12,3959,smsp,inst_executed_op_local_st,sum,2,0
12,3959,smsp,inst_executed_op_local_ld,sum,0,0
12,3959,smsp,inst_executed_op_local_ld,sum,1,0
12,3959,smsp,inst_executed_op_local_ld,sum,2,0
12,3959,smsp,inst_executed_op_global_st,sum,0,2.12992e+06
12,3959,smsp,inst_executed_op_global_st,sum,1,2.12992e+06
12,3959,smsp,inst_executed_op_global_st,sum,2,2.12992e+06
12,3959,smsp,inst_executed_op_global_ld,sum,0,5.37723e+08
12,3959,smsp,inst_executed_op_global_ld,sum,1,5.37723e+08
12,3959,smsp,inst_executed_op_global_ld,sum,2,5.37723e+08
13,4415,sm,cycles_active,sum,0,6.88222e+09
13,4415,sm,cycles_active,sum,1,6.88317e+09
13,4415,sm,cycles_active,sum,2,6.88551e+09
13,4415,sys,cycles_active,sum,0,2.64808e+08
13,4415,sys,cycles_active,sum,1,2.64928e+08
13,4415,sys,cycles_active,sum,2,2.66321e+08
13,4415,sm,warps_active,sum,0,1.09579e+11
13,4415,sm,warps_active,sum,1,1.09591e+11
13,4415,sm,warps_active,sum,2,1.09663e+11
13,4415,smsp,inst_executed_op_generic_atom_dot_alu,sum,0,0
13,4415,smsp,inst_executed_op_generic_atom_dot_alu,sum,1,0
13,4415,smsp,inst_executed_op_generic_atom_dot_alu,sum,2,0
13,4415,sm,cycles_elapsed,sum,0,6.89147e+09
13,4415,sm,cycles_elapsed,sum,1,6.88934e+09
13,4415,sm,cycles_elapsed,sum,2,6.89018e+09
13,4415,sys,cycles_elapsed,sum,0,2.64808e+08
13,4415,sys,cycles_elapsed,sum,1,2.64928e+08
13,4415,sys,cycles_elapsed,sum,2,2.66321e+08
13,4415,dram,sectors_read,sum,0,1.51175e+08
13,4415,dram,sectors_read,sum,1,1.47255e+08
13,4415,dram,sectors_read,sum,2,1.47977e+08
13,4415,dram,sectors_write,sum,0,8.8576e+06
13,4415,dram,sectors_write,sum,1,8.85236e+06
13,4415,dram,sectors_write,sum,2,8.85966e+06
13,4415,smsp,inst_executed_op_generic_atom_dot_cas,sum,0,0
13,4415,smsp,inst_executed_op_generic_atom_dot_cas,sum,1,0
13,4415,smsp,inst_executed_op_generic_atom_dot_cas,sum,2,0
13,4415,smsp,inst_executed_op_global_red,sum,0,0
13,4415,smsp,inst_executed_op_global_red,sum,1,0
13,4415,smsp,inst_executed_op_global_red,sum,2,0
13,4415,sm,inst_executed,sum,0,2.05979e+10
13,4415,sm,inst_executed,sum,1,2.05979e+10
13,4415,sm,inst_executed,sum,2,2.05979e+10
13,4415,smsp,inst_executed_pipe_fma,sum,0,1.71823e+10
13,4415,smsp,inst_executed_pipe_fma,sum,1,1.71823e+10
13,4415,smsp,inst_executed_pipe_fma,sum,2,1.71823e+10
13,4415,smsp,inst_executed_pipe_fp64,sum,0,0
13,4415,smsp,inst_executed_pipe_fp64,sum,1,0
13,4415,smsp,inst_executed_pipe_fp64,sum,2,0
13,4415,sm,inst_issued,sum,0,2.05979e+10
13,4415,sm,inst_issued,sum,1,2.05979e+10
13,4415,sm,inst_issued,sum,2,2.05979e+10
13,4415,lts,t_sectors_op_read_lookup_miss,sum,0,1.51173e+08
13,4415,lts,t_sectors_op_read_lookup_miss,sum,1,1.47253e+08
13,4415,lts,t_sectors_op_read_lookup_miss,sum,2,1.47975e+08
13,4415,smsp,warps_launched,sum,0,32768
13,4415,smsp,warps_launched,sum,1,32768
13,4415,smsp,warps_launched,sum,2,32768
13,4415,smsp,thread_inst_executed,sum,0,6.59132e+11
13,4415,smsp,thread_inst_executed,sum,1,6.59132e+11
13,4415,smsp,thread_inst_executed,sum,2,6.59132e+11
13,4415,smsp,inst_executed_op_local_st,sum,0,0
13,4415,smsp,inst_executed_op_local_st,sum,1,0
13,4415,smsp,inst_executed_op_local_st,sum,2,0
13,4415,smsp,inst_executed_op_local_ld,sum,0,0
13,4415,smsp,inst_executed_op_local_ld,sum,1,0
13,4415,smsp,inst_executed_op_local_ld,sum,2,0
13,4415,smsp,inst_executed_op_global_st,sum,0,2.12992e+06
13,4415,smsp,inst_executed_op_global_st,sum,1,2.12992e+06
13,4415,smsp,inst_executed_op_global_st,sum,2,2.12992e+06
13,4415,smsp,inst_executed_op_global_ld,sum,0,5.37723e+08
13,4415,smsp,inst_executed_op_global_ld,sum,1,5.37723e+08
13,4415,smsp,inst_executed_op_global_ld,sum,2,5.37723e+08
14,3937,sm,cycles_active,sum,0,6.88301e+09
14,3937,sm,cycles_active,sum,1,6.88297e+09
14,3937,sm,cycles_active,sum,2,6.88461e+09
14,3937,sys,cycles_active,sum,0,2.67291e+08
14,3937,sys,cycles_active,sum,1,2.65942e+08
14,3937,sys,cycles_active,sum,2,2.64603e+08
14,3937,sm,warps_active,sum,0,1.09607e+11
14,3937,sm,warps_active,sum,1,1.09594e+11
14,3937,sm,warps_active,sum,2,1.09654e+11
14,3937,smsp,inst_executed_op_generic_atom_dot_alu,sum,0,0
14,3937,smsp,inst_executed_op_generic_atom_dot_alu,sum,1,0
14,3937,smsp,inst_executed_op_generic_atom_dot_alu,sum,2,0
14,3937,sm,cycles_elapsed,sum,0,6.89181e+09
14,3937,sm,cycles_elapsed,sum,1,6.88908e+09
14,3937,sm,cycles_elapsed,sum,2,6.88945e+09
14,3937,sys,cycles_elapsed,sum,0,2.67291e+08
14,3937,sys,cycles_elapsed,sum,1,2.65942e+08
14,3937,sys,cycles_elapsed,sum,2,2.64603e+08
14,3937,dram,sectors_read,sum,0,1.53353e+08
14,3937,dram,sectors_read,sum,1,1.46829e+08
14,3937,dram,sectors_read,sum,2,1.46183e+08
14,3937,dram,sectors_write,sum,0,8.85984e+06
14,3937,dram,sectors_write,sum,1,8.85226e+06
14,3937,dram,sectors_write,sum,2,8.865e+06
14,3937,smsp,inst_executed_op_generic_atom_dot_cas,sum,0,0
14,3937,smsp,inst_executed_op_generic_atom_dot_cas,sum,1,0
14,3937,smsp,inst_executed_op_generic_atom_dot_cas,sum,2,0
14,3937,smsp,inst_executed_op_global_red,sum,0,0
14,3937,smsp,inst_executed_op_global_red,sum,1,0
14,3937,smsp,inst_executed_op_global_red,sum,2,0
14,3937,sm,inst_executed,sum,0,2.05979e+10
14,3937,sm,inst_executed,sum,1,2.05979e+10
14,3937,sm,inst_executed,sum,2,2.05979e+10
14,3937,smsp,inst_executed_pipe_fma,sum,0,1.71823e+10
14,3937,smsp,inst_executed_pipe_fma,sum,1,1.71823e+10
14,3937,smsp,inst_executed_pipe_fma,sum,2,1.71823e+10
14,3937,smsp,inst_executed_pipe_fp64,sum,0,0
14,3937,smsp,inst_executed_pipe_fp64,sum,1,0
14,3937,smsp,inst_executed_pipe_fp64,sum,2,0
14,3937,sm,inst_issued,sum,0,2.05979e+10
14,3937,sm,inst_issued,sum,1,2.05979e+10
14,3937,sm,inst_issued,sum,2,2.05979e+10
14,3937,lts,t_sectors_op_read_lookup_miss,sum,0,1.53351e+08
14,3937,lts,t_sectors_op_read_lookup_miss,sum,1,1.4683e+08
14,3937,lts,t_sectors_op_read_lookup_miss,sum,2,1.4618e+08
14,3937,smsp,warps_launched,sum,0,32768
14,3937,smsp,warps_launched,sum,1,32768
14,3937,smsp,warps_launched,sum,2,32768
14,3937,smsp,thread_inst_executed,sum,0,6.59132e+11
14,3937,smsp,thread_inst_executed,sum,1,6.59132e+11
14,3937,smsp,thread_inst_executed,sum,2,6.59132e+11
14,3937,smsp,inst_executed_op_local_st,sum,0,0
14,3937,smsp,inst_executed_op_local_st,sum,1,0
14,3937,smsp,inst_executed_op_local_st,sum,2,0
14,3937,smsp,inst_executed_op_local_ld,sum,0,0
14,3937,smsp,inst_executed_op_local_ld,sum,1,0
14,3937,smsp,inst_executed_op_local_ld,sum,2,0
14,3937,smsp,inst_executed_op_global_st,sum,0,2.12992e+06
14,3937,smsp,inst_executed_op_global_st,sum,1,2.12992e+06
14,3937,smsp,inst_executed_op_global_st,sum,2,2.12992e+06
14,3937,smsp,inst_executed_op_global_ld,sum,0,5.37723e+08
14,3937,smsp,inst_executed_op_global_ld,sum,1,5.37723e+08
14,3937,smsp,inst_executed_op_global_ld,sum,2,5.37723e+08
15,3932,sm,cycles_active,sum,0,6.88237e+09
15,3932,sm,cycles_active,sum,1,6.88149e+09
15,3932,sm,cycles_active,sum,2,6.88302e+09
15,3932,sys,cycles_active,sum,0,2.66776e+08
15,3932,sys,cycles_active,sum,1,2.65163e+08
15,3932,sys,cycles_active,sum,2,2.62248e+08
15,3932,sm,warps_active,sum,0,1.09561e+11
15,3932,sm,warps_active,sum,1,1.09568e+11
15,3932,sm,warps_active,sum,2,1.09585e+11
15,3932,smsp,inst_executed_op_generic_atom_dot_alu,sum,0,0
15,3932,smsp,inst_executed_op_generic_atom_dot_alu,sum,1,0
15,3932,smsp,inst_executed_op_generic_atom_dot_alu,sum,2,0
15,3932,sm,cycles_elapsed,sum,0,6.88985e+09
15,3932,sm,cycles_elapsed,sum,1,6.89113e+09
15,3932,sm,cycles_elapsed,sum,2,6.8895e+09
15,3932,sys,cycles_elapsed,sum,0,2.66776e+08
15,3932,sys,cycles_elapsed,sum,1,2.65163e+08
15,3932,sys,cycles_elapsed,sum,2,2.62248e+08
15,3932,dram,sectors_read,sum,0,1.46835e+08
15,3932,dram,sectors_read,sum,1,1.4923e+08
15,3932,dram,sectors_read,sum,2,1.47991e+08
15,3932,dram,sectors_write,sum,0,8.84985e+06
15,3932,dram,sectors_write,sum,1,8.85509e+06
15,3932,dram,sectors_write,sum,2,8.86454e+06
15,3932,smsp,inst_executed_op_generic_atom_dot_cas,sum,0,0
15,3932,smsp,inst_executed_op_generic_atom_dot_cas,sum,1,0
15,3932,smsp,inst_executed_op_generic_atom_dot_cas,sum,2,0
15,3932,smsp,inst_executed_op_global_red,sum,0,0
15,3932,smsp,inst_executed_op_global_red,sum,1,0
15,3932,smsp,inst_executed_op_global_red,sum,2,0
15,3932,sm,inst_executed,sum,0,2.05979e+10
15,3932,sm,inst_executed,sum,1,2.05979e+10
15,3932,sm,inst_executed,sum,2,2.05979e+10
15,3932,smsp,inst_executed_pipe_fma,sum,0,1.71823e+10
15,3932,smsp,inst_executed_pipe_fma,sum,1,1.71823e+10
15,3932,smsp,inst_executed_pipe_fma,sum,2,1.71823e+10
15,3932,smsp,inst_executed_pipe_fp64,sum,0,0
15,3932,smsp,inst_executed_pipe_fp64,sum,1,0
15,3932,smsp,inst_executed_pipe_fp64,sum,2,0
15,3932,sm,inst_issued,sum,0,2.05979e+10
15,3932,sm,inst_issued,sum,1,2.05979e+10
15,3932,sm,inst_issued,sum,2,2.05979e+10
15,3932,lts,t_sectors_op_read_lookup_miss,sum,0,1.46833e+08
15,3932,lts,t_sectors_op_read_lookup_miss,sum,1,1.49228e+08
15,3932,lts,t_sectors_op_read_lookup_miss,sum,2,1.47989e+08
15,3932,smsp,warps_launched,sum,0,32768
15,3932,smsp,warps_launched,sum,1,32768
15,3932,smsp,warps_launched,sum,2,32768
15,3932,smsp,thread_inst_executed,sum,0,6.59132e+11
15,3932,smsp,thread_inst_executed,sum,1,6.59132e+11
15,3932,smsp,thread_inst_executed,sum,2,6.59132e+11
15,3932,smsp,inst_executed_op_local_st,sum,0,0
15,3932,smsp,inst_executed_op_local_st,sum,1,0
15,3932,smsp,inst_executed_op_local_st,sum,2,0
15,3932,smsp,inst_executed_op_local_ld,sum,0,0
15,3932,smsp,inst_executed_op_local_ld,sum,1,0
15,3932,smsp,inst_executed_op_local_ld,sum,2,0
15,3932,smsp,inst_executed_op_global_st,sum,0,2.12992e+06
15,3932,smsp,inst_executed_op_global_st,sum,1,2.12992e+06
15,3932,smsp,inst_executed_op_global_st,sum,2,2.12992e+06
15,3932,smsp,inst_executed_op_global_ld,sum,0,5.37723e+08
15,3932,smsp,inst_executed_op_global_ld,sum,1,5.37723e+08
15,3932,smsp,inst_executed_op_global_ld,sum,2,5.37723e+08
16,3934,sm,cycles_active,sum,0,6.88221e+09
16,3934,sm,cycles_active,sum,1,6.88156e+09
16,3934,sm,cycles_active,sum,2,6.88154e+09
16,3934,sys,cycles_active,sum,0,2.63002e+08
16,3934,sys,cycles_active,sum,1,2.64311e+08
16,3934,sys,cycles_active,sum,2,2.67599e+08
16,3934,sm,warps_active,sum,0,1.09598e+11
16,3934,sm,warps_active,sum,1,1.0957e+11
16,3934,sm,warps_active,sum,2,1.09586e+11
16,3934,smsp,inst_executed_op_generic_atom_dot_alu,sum,0,0
16,3934,smsp,inst_executed_op_generic_atom_dot_alu,sum,1,0
16,3934,smsp,inst_executed_op_generic_atom_dot_alu,sum,2,0
16,3934,sm,cycles_elapsed,sum,0,6.88717e+09
16,3934,sm,cycles_elapsed,sum,1,6.89176e+09
16,3934,sm,cycles_elapsed,sum,2,6.89261e+09
16,3934,sys,cycles_elapsed,sum,0,2.63002e+08
16,3934,sys,cycles_elapsed,sum,1,2.64311e+08
16,3934,sys,cycles_elapsed,sum,2,2.67599e+08
16,3934,dram,sectors_read,sum,0,1.48137e+08
16,3934,dram,sectors_read,sum,1,1.51157e+08
16,3934,dram,sectors_read,sum,2,1.57483e+08
16,3934,dram,sectors_write,sum,0,8.85532e+06
16,3934,dram,sectors_write,sum,1,8.86546e+06
16,3934,dram,sectors_write,sum,2,8.85962e+06
16,3934,smsp,inst_executed_op_generic_atom_dot_cas,sum,0,0
16,3934,smsp,inst_executed_op_generic_atom_dot_cas,sum,1,0
16,3934,smsp,inst_executed_op_generic_atom_dot_cas,sum,2,0
16,3934,smsp,inst_executed_op_global_red,sum,0,0
16,3934,smsp,inst_executed_op_global_red,sum,1,0
16,3934,smsp,inst_executed_op_global_red,sum,2,0
16,3934,sm,inst_executed,sum,0,2.05979e+10
16,3934,sm,inst_executed,sum,1,2.05979e+10
16,3934,sm,inst_executed,sum,2,2.05979e+10
16,3934,smsp,inst_executed_pipe_fma,sum,0,1.71823e+10
16,3934,smsp,inst_executed_pipe_fma,sum,1,1.71823e+10
16,3934,smsp,inst_executed_pipe_fma,sum,2,1.71823e+10
16,3934,smsp,inst_executed_pipe_fp64,sum,0,0
16,3934,smsp,inst_executed_pipe_fp64,sum,1,0
16,3934,smsp,inst_executed_pipe_fp64,sum,2,0
16,3934,sm,inst_issued,sum,0,2.05979e+10
16,3934,sm,inst_issued,sum,1,2.05979e+10
16,3934,sm,inst_issued,sum,2,2.05979e+10
16,3934,lts,t_sectors_op_read_lookup_miss,sum,0,1.48135e+08
16,3934,lts,t_sectors_op_read_lookup_miss,sum,1,1.51156e+08
16,3934,lts,t_sectors_op_read_lookup_miss,sum,2,1.57481e+08
16,3934,smsp,warps_launched,sum,0,32768
16,3934,smsp,warps_launched,sum,1,32768
16,3934,smsp,warps_launched,sum,2,32768
16,3934,smsp,thread_inst_executed,sum,0,6.59132e+11
16,3934,smsp,thread_inst_executed,sum,1,6.59132e+11
16,3934,smsp,thread_inst_executed,sum,2,6.59132e+11
16,3934,smsp,inst_executed_op_local_st,sum,0,0
16,3934,smsp,inst_executed_op_local_st,sum,1,0
16,3934,smsp,inst_executed_op_local_st,sum,2,0
16,3934,smsp,inst_executed_op_local_ld,sum,0,0
16,3934,smsp,inst_executed_op_local_ld,sum,1,0
16,3934,smsp,inst_executed_op_local_ld,sum,2,0
16,3934,smsp,inst_executed_op_global_st,sum,0,2.12992e+06
16,3934,smsp,inst_executed_op_global_st,sum,1,2.12992e+06
16,3934,smsp,inst_executed_op_global_st,sum,2,2.12992e+06
16,3934,smsp,inst_executed_op_global_ld,sum,0,5.37723e+08
16,3934,smsp,inst_executed_op_global_ld,sum,1,5.37723e+08
16,3934,smsp,inst_executed_op_global_ld,sum,2,5.37723e+08
17,3925,sm,cycles_active,sum,0,6.88223e+09
17,3925,sm,cycles_active,sum,1,6.88384e+09
17,3925,sm,cycles_active,sum,2,6.88305e+09
17,3925,sys,cycles_active,sum,0,2.6526e+08
17,3925,sys,cycles_active,sum,1,2.66784e+08
17,3925,sys,cycles_active,sum,2,2.65525e+08
17,3925,sm,warps_active,sum,0,1.096e+11
17,3925,sm,warps_active,sum,1,1.09624e+11
17,3925,sm,warps_active,sum,2,1.0961e+11
17,3925,smsp,inst_executed_op_generic_atom_dot_alu,sum,0,0
17,3925,smsp,inst_executed_op_generic_atom_dot_alu,sum,1,0
17,3925,smsp,inst_executed_op_generic_atom_dot_alu,sum,2,0
17,3925,sm,cycles_elapsed,sum,0,6.88655e+09
17,3925,sm,cycles_elapsed,sum,1,6.88713e+09
17,3925,sm,cycles_elapsed,sum,2,6.89174e+09
17,3925,sys,cycles_elapsed,sum,0,2.6526e+08
17,3925,sys,cycles_elapsed,sum,1,2.66784e+08
17,3925,sys,cycles_elapsed,sum,2,2.65525e+08
17,3925,dram,sectors_read,sum,0,1.51904e+08
17,3925,dram,sectors_read,sum,1,1.60357e+08
17,3925,dram,sectors_read,sum,2,1.52782e+08
17,3925,dram,sectors_write,sum,0,8.8647e+06
17,3925,dram,sectors_write,sum,1,8.86411e+06
17,3925,dram,sectors_write,sum,2,8.8601e+06
17,3925,smsp,inst_executed_op_generic_atom_dot_cas,sum,0,0
17,3925,smsp,inst_executed_op_generic_atom_dot_cas,sum,1,0
17,3925,smsp,inst_executed_op_generic_atom_dot_cas,sum,2,0
17,3925,smsp,inst_executed_op_global_red,sum,0,0
17,3925,smsp,inst_executed_op_global_red,sum,1,0
17,3925,smsp,inst_executed_op_global_red,sum,2,0
17,3925,sm,inst_executed,sum,0,2.05979e+10
17,3925,sm,inst_executed,sum,1,2.05979e+10
17,3925,sm,inst_executed,sum,2,2.05979e+10
17,3925,smsp,inst_executed_pipe_fma,sum,0,1.71823e+10
17,3925,smsp,inst_executed_pipe_fma,sum,1,1.71823e+10
17,3925,smsp,inst_executed_pipe_fma,sum,2,1.71823e+10
17,3925,smsp,inst_executed_pipe_fp64,sum,0,0
17,3925,smsp,inst_executed_pipe_fp64,sum,1,0
17,3925,smsp,inst_executed_pipe_fp64,sum,2,0
17,3925,sm,inst_issued,sum,0,2.05979e+10
17,3925,sm,inst_issued,sum,1,2.05979e+10
17,3925,sm,inst_issued,sum,2,2.05979e+10
17,3925,lts,t_sectors_op_read_lookup_miss,sum,0,1.51902e+08
17,3925,lts,t_sectors_op_read_lookup_miss,sum,1,1.60355e+08
17,3925,lts,t_sectors_op_read_lookup_miss,sum,2,1.52779e+08
17,3925,smsp,warps_launched,sum,0,32768
17,3925,smsp,warps_launched,sum,1,32768
17,3925,smsp,warps_launched,sum,2,32768
17,3925,smsp,thread_inst_executed,sum,0,6.59132e+11
17,3925,smsp,thread_inst_executed,sum,1,6.59132e+11
17,3925,smsp,thread_inst_executed,sum,2,6.59132e+11
17,3925,smsp,inst_executed_op_local_st,sum,0,0
17,3925,smsp,inst_executed_op_local_st,sum,1,0
17,3925,smsp,inst_executed_op_local_st,sum,2,0
17,3925,smsp,inst_executed_op_local_ld,sum,0,0
17,3925,smsp,inst_executed_op_local_ld,sum,1,0
17,3925,smsp,inst_executed_op_local_ld,sum,2,0
17,3925,smsp,inst_executed_op_global_st,sum,0,2.12992e+06
17,3925,smsp,inst_executed_op_global_st,sum,1,2.12992e+06
17,3925,smsp,inst_executed_op_global_st,sum,2,2.12992e+06
17,3925,smsp,inst_executed_op_global_ld,sum,0,5.37723e+08
17,3925,smsp,inst_executed_op_global_ld,sum,1,5.37723e+08
17,3925,smsp,inst_executed_op_global_ld,sum,2,5.37723e+08
18,,sm,cycles_active,sum,0,6.88298e+09
18,,sm,cycles_active,sum,1,9.88884e+08
18,,sys,cycles_active,sum,0,2.63714e+08
18,,sys,cycles_active,sum,1,3.64019e+07
18,,sm,warps_active,sum,0,1.09593e+11
18,,sm,warps_active,sum,1,4.52975e+10
18,,smsp,inst_executed_op_generic_atom_dot_alu,sum,0,0
18,,smsp,inst_executed_op_generic_atom_dot_alu,sum,1,0
18,,sm,cycles_elapsed,sum,0,6.89044e+09
18,,sm,cycles_elapsed,sum,1,9.9322e+08
18,,sys,cycles_elapsed,sum,0,2.63714e+08
18,,sys,cycles_elapsed,sum,1,3.64019e+07
18,,dram,sectors_read,sum,0,1.47321e+08
18,,dram,sectors_read,sum,1,1.09071e+08
18,,dram,sectors_write,sum,0,8.87287e+06
18,,dram,sectors_write,sum,1,455588
18,,smsp,inst_executed_op_generic_atom_dot_cas,sum,0,0
18,,smsp,inst_executed_op_generic_atom_dot_cas,sum,1,0
18,,smsp,inst_executed_op_global_red,sum,0,0
18,,smsp,inst_executed_op_global_red,sum,1,2.09715e+06
18,,sm,inst_executed,sum,0,2.05979e+10
18,,sm,inst_executed,sum,1,3.37641e+08
18,,smsp,inst_executed_pipe_fma,sum,0,1.71823e+10
18,,smsp,inst_executed_pipe_fma,sum,1,1.15343e+08
18,,smsp,inst_executed_pipe_fp64,sum,0,0
18,,smsp,inst_executed_pipe_fp64,sum,1,0
18,,sm,inst_issued,sum,0,2.05979e+10
18,,sm,inst_issued,sum,1,3.37656e+08
18,,lts,t_sectors_op_read_lookup_miss,sum,0,1.47319e+08
18,,lts,t_sectors_op_read_lookup_miss,sum,1,1.09071e+08
18,,smsp,warps_launched,sum,0,32768
18,,smsp,warps_launched,sum,1,2.09715e+06
18,,smsp,thread_inst_executed,sum,0,6.59132e+11
18,,smsp,thread_inst_executed,sum,1,1.08045e+10
18,,smsp,inst_executed_op_local_st,sum,0,0
18,,smsp,inst_executed_op_local_st,sum,1,0
18,,smsp,inst_executed_op_local_ld,sum,0,0
18,,smsp,inst_executed_op_local_ld,sum,1,0
18,,smsp,inst_executed_op_global_st,sum,0,2.12992e+06
18,,smsp,inst_executed_op_global_st,sum,1,0
18,,smsp,inst_executed_op_global_ld,sum,0,5.37723e+08
18,,smsp,inst_executed_op_global_ld,sum,1,2.7263e+07
